{"cameraMode":{"drawMode":0,"name":"Shaded","section":"Shading Mode"},"sceneLighting":false,"audioPlay":false,"sceneViewState":{"m_AlwaysRefresh":false,"showFog":true,"showSkybox":false,"showFlares":true,"showImageEffects":true,"showParticleSystems":true,"showVisualEffectGraphs":true,"m_FxEnabled":true},"in2DMode":false,"pivot":{"x":0.000004976987838745117,"y":-0.00000864267349243164,"z":0.00000260770320892334},"rotation":{"x":0.10851491242647171,"y":-0.11751478910446167,"z":0.012919594533741475,"w":0.9870404601097107},"size":0.37020036578178408,"orthographic":true}