{"cameraMode":{"drawMode":0,"name":"Shaded","section":"Shading Mode"},"sceneLighting":true,"audioPlay":false,"sceneViewState":{"m_AlwaysRefresh":false,"showFog":true,"showSkybox":true,"showFlares":true,"showImageEffects":true,"showParticleSystems":true,"showVisualEffectGraphs":true,"m_FxEnabled":true},"in2DMode":false,"pivot":{"x":1.5200001001358033,"y":4.139598369598389,"z":19.254318237304689},"rotation":{"x":0.19454088807106019,"y":0.3513906002044678,"z":-0.07489629089832306,"w":0.9127268195152283},"size":2.1638431549072267,"orthographic":false}