{"cameraMode":{"drawMode":0,"name":"Shaded","section":"Shading Mode"},"sceneLighting":true,"audioPlay":false,"sceneViewState":{"m_AlwaysRefresh":false,"showFog":true,"showSkybox":true,"showFlares":true,"showImageEffects":true,"showParticleSystems":true,"showVisualEffectGraphs":true,"m_FxEnabled":true},"in2DMode":false,"pivot":{"x":1.690000057220459,"y":3.9504311084747316,"z":200.0500030517578},"rotation":{"x":0.11927513033151627,"y":-0.08478216081857681,"z":0.010223052464425564,"w":0.9891840815544128},"size":3.5019400119781496,"orthographic":false}