{"cameraMode":{"drawMode":0,"name":"Shaded","section":"Shading Mode"},"sceneLighting":false,"audioPlay":false,"sceneViewState":{"m_AlwaysRefresh":false,"showFog":true,"showSkybox":false,"showFlares":true,"showImageEffects":true,"showParticleSystems":true,"showVisualEffectGraphs":true,"m_FxEnabled":true},"in2DMode":false,"pivot":{"x":0.034528642892837527,"y":-0.18330727517604829,"z":-0.03512272238731384},"rotation":{"x":0.10851491242647171,"y":-0.11751478910446167,"z":0.012919594533741475,"w":0.9870404601097107},"size":0.5784374475479126,"orthographic":true}