{"cameraMode":{"drawMode":0,"name":"Shaded","section":"Shading Mode"},"sceneLighting":false,"audioPlay":false,"sceneViewState":{"m_AlwaysRefresh":false,"showFog":true,"showSkybox":false,"showFlares":true,"showImageEffects":true,"showParticleSystems":true,"showVisualEffectGraphs":true,"m_FxEnabled":true},"in2DMode":false,"pivot":{"x":-18.791763305664064,"y":15.458261489868164,"z":41.86246871948242},"rotation":{"x":0.07256372272968292,"y":0.6871031522750855,"z":-0.06928859651088715,"w":0.7196067571640015},"size":17.363510131835939,"orthographic":true}